Date,Close,High,Low,Open,Volume,SMA_20,SMA_50,RSI,MACD,EMA_12,EMA_26
2024-05-27,3892.0068359375,3973.556396484375,3821.930419921875,3826.127197265625,18949181813,3301.138879394531,3225.097880859375,72.60791803341165,81.19193778736903,3589.0267208930027,3396.8011106302924
2024-05-28,3840.25634765625,3924.895751953125,3771.2138671875,3892.096923828125,19846044324,3344.4688354492187,3227.9971533203125,69.37128716681458,69.59529081688186,3627.677432702733,3429.6496467062893
2024-05-29,3763.196533203125,3880.6484375,3742.041259765625,3840.235107421875,17411416736,3380.82763671875,3233.1578173828125,64.74319990900314,52.58976513921144,3648.5265250874086,3454.3568234838326
2024-05-30,3746.849609375,3823.643310546875,3702.263671875,3763.357666015625,15065849797,3422.680554199219,3237.220068359375,63.771259709349266,36.84020896233116,3663.6531534393457,3476.0229557720672
2024-05-31,3760.026611328125,3843.857666015625,3723.835205078125,3746.861572265625,15290700646,3465.1017822265626,3242.31564453125,64.23731851092144,24.503669577925535,3678.479839268389,3497.0602635910345
2024-06-01,3813.198974609375,3829.294677734375,3749.840087890625,3759.88427734375,8661024535,3509.3266357421876,3253.71892578125,66.13073968273824,17.449606481568594,3699.205860090079,3520.4779458886896
2024-06-02,3780.89599609375,3834.911865234375,3752.41455078125,3813.275634765625,11126903059,3550.903454589844,3269.238837890625,63.916762149054826,8.581675017429461,3711.773573321413,3539.7681718298054
2024-06-03,3766.38916015625,3848.60302734375,3758.919921875,3780.854248046875,14082454300,3595.1650146484376,3281.427783203125,62.898349250550275,0.1578664927895943,3720.1759712960034,3556.554911705838
2024-06-04,3812.515869140625,3831.364990234375,3738.13427734375,3766.476318359375,13331489271,3633.9379760742186,3295.64609375,64.81788213885652,-3.676853038691206,3734.382109425945,3575.5149826269335
2024-06-05,3864.260986328125,3887.48583984375,3778.65576171875,3812.560791015625,15480034434,3679.8944702148438,3311.23291015625,66.88752565661807,-4.067264182550218,3754.363475103203,3596.903575493688
2024-06-06,3811.60595703125,3878.05224609375,3761.775390625,3864.263427734375,13606583873,3715.768835449219,3327.770478515625,62.83671268121431,-8.931686892164606,3763.1700107844413,3612.8074556075817
2024-06-07,3678.629150390625,3838.4521484375,3615.2802734375,3811.666015625,18220286186,3743.552844238281,3340.022509765625,53.95056049399041,-21.450923361310544,3750.163724570008,3617.683136702622
2024-06-08,3680.949951171875,3707.497314453125,3669.637939453125,3677.400390625,9096091805,3774.008190917969,3352.4559375,54.07263317492991,-29.428501514574805,3739.5154517395263,3622.369567404048
2024-06-09,3705.90380859375,3719.36767578125,3668.12353515625,3680.93603515625,7910768788,3776.1106079101564,3363.4214697265625,55.44042402528619,-32.62979608528741,3734.344429717099,3628.5572889736554
2024-06-10,3666.717529296875,3711.4287109375,3648.16455078125,3705.877197265625,10377300126,3769.980847167969,3373.810048828125,52.78205384489274,-36.688495263890076,3723.9402911909106,3631.383973442042
2024-06-11,3498.33056640625,3669.890869140625,3434.7490234375,3666.35888671875,19184721538,3758.036486816406,3379.7436181640624,43.196872465970046,-49.233500610977615,3689.2311027625015,3621.528165513465
2024-06-12,3559.61767578125,3652.4921875,3463.784912109375,3497.89697265625,17142905351,3747.171008300781,3386.5377392578125,46.9714565643817,-51.67045250918068,3669.290575534617,3616.9422033110786
2024-06-13,3469.28125,3559.725341796875,3431.33349609375,3559.725341796875,14472382154,3734.2883422851564,3393.1272607421874,42.48960004202039,-57.20261566610516,3638.519910067753,3606.0043549176653
2024-06-14,3480.27197265625,3528.602294921875,3366.223876953125,3467.969970703125,15793876596,3720.8401123046874,3399.602509765625,43.1997049949255,-57.787953915048064,3614.174073542906,3596.6908451205236
2024-06-15,3565.549560546875,3589.887451171875,3473.45263671875,3479.78564453125,12733651076,3707.822717285156,3408.310205078125,48.5119260877777,-50.369509121487475,3606.6933792358245,3594.384083300253
2024-06-16,3620.5634765625,3648.093017578125,3541.534423828125,3566.761962890625,9878388158,3694.2505493164062,3415.6781103515623,51.653266647790126,-40.139889848022925,3608.8272403630053,3596.323297615975
2024-06-17,3511.37890625,3634.285400390625,3468.14892578125,3622.383544921875,17838856988,3677.806677246094,3420.6501953125,45.69462963265797,-39.07181128944214,3593.835188961005,3590.0311204777545
2024-06-18,3483.681396484375,3514.17724609375,3371.59033203125,3510.565185546875,21022514455,3663.830920410156,3426.015244140625,44.29857307427096,-38.51263300855697,3576.888451656908,3582.1533631449115
2024-06-19,3559.347412109375,3583.320068359375,3466.48095703125,3482.350830078125,15275373778,3654.455810546875,3436.956455078125,48.89233725247369,-31.617539816858102,3574.1898301880565,3580.464033438576
2024-06-20,3511.0869140625,3623.886474609375,3485.4599609375,3559.347412109375,16115123753,3642.008825683594,3447.7825,46.27120575183367,-28.949307903634068,3564.481689245663,3575.3249875588667
2024-06-21,3516.07568359375,3542.957275390625,3447.935546875,3511.268310546875,15933353456,3627.1526611328127,3458.34064453125,46.589960917598205,-25.606038692388985,3557.034611453061,3570.936150228117
2024-06-22,3494.8134765625,3519.49755859375,3477.169921875,3516.55126953125,7423703673,3612.84853515625,3466.16607421875,45.35493998469762,-23.6318435323369,3547.4621291622057,3565.297433660294
2024-06-23,3418.61181640625,3519.324951171875,3408.5830078125,3494.953857421875,9418141333,3595.45966796875,3472.1867822265626,41.145317376986746,-26.071493834909766,3527.639004122828,3554.4318323822163
2024-06-24,3350.25634765625,3430.698974609375,3244.241455078125,3418.783203125,23137744903,3572.3466918945314,3476.4469287109373,37.75968037819236,-30.5896186492843,3500.349364666431,3539.307722402515
2024-06-25,3395.029052734375,3422.21337890625,3335.556884765625,3350.5556640625,13235546063,3548.8850952148437,3483.0929345703125,41.17407335497869,-28.884347758081034,3484.146239753807,3528.620413538208
2024-06-26,3369.477294921875,3421.509521484375,3328.390625,3394.373291015625,11694054195,3526.778662109375,3490.3509375,39.83113372597318,-27.789875783444025,3466.504863625818,3516.832034381443
2024-06-27,3444.800537109375,3470.923095703125,3362.2646484375,3368.88623046875,11771834016,3515.0872314453127,3499.7738037109375,45.47670218519231,-20.634669180177937,3463.165736469442,3511.4963679168454
2024-06-28,3373.635986328125,3482.95751953125,3363.4375,3445.498779296875,12861158844,3499.721533203125,3506.52611328125,41.513513649122714,-19.357277421235047,3449.391928755393,3501.2844877991624
2024-06-29,3372.9677734375,3401.730224609375,3369.552734375,3373.68994140625,6584792001,3483.0747314453124,3515.7896435546877,41.47696271032304,-17.287918378613,3437.634366398794,3491.7795459945946
2024-06-30,3432.88916015625,3453.21142578125,3352.284423828125,3373.07568359375,8396416013,3471.3833129882814,3526.2153857421877,46.063096718487834,-10.924559444315967,3436.904334669172,3487.4172951917544
2024-07-01,3440.341552734375,3513.310791015625,3425.3232421875,3432.607421875,12281551839,3468.4838623046876,3536.4481787109376,46.6233312852602,-5.5269317049391375,3437.433137448434,3483.9302031578745
2024-07-02,3416.354736328125,3459.761474609375,3399.026123046875,3439.38134765625,9421757718,3461.3207153320313,3545.7880810546876,45.00306081990767,-3.0113380087906307,3434.190306506848,3478.924613022338
2024-07-03,3292.916748046875,3426.332275390625,3254.521240234375,3416.2548828125,16121324440,3452.502490234375,3554.0232568359374,37.73540800730381,-8.773896999571754,3412.4559128976216,3465.1462526537853
2024-07-04,3054.52197265625,3309.20361328125,3054.52197265625,3291.81787109375,20252514386,3431.214990234375,3554.3725634765624,28.247593984996442,-26.739234962844122,3357.3891528604877,3434.7296393206348
2024-07-05,2981.5986328125,3106.152587890625,2826.014404296875,3057.833251953125,31131942647,3402.017443847656,3555.1019140625,26.086896211666556,-40.79032110618403,3299.5752266992586,3401.1643795792916
2024-07-06,3069.3779296875,3080.107421875,2957.395751953125,2981.988037109375,11586293705,3374.4581665039063,3554.607099609375,32.7547267674275,-41.302812648932104,3264.160257928219,3376.587605513233
2024-07-07,2929.38720703125,3072.814453125,2923.959228515625,3067.405029296875,10857947538,3345.3585815429688,3550.7358642578124,28.360619369595994,-47.74432279813081,3212.6567116363776,3343.461650070123
2024-07-08,3018.73193359375,3090.66455078125,2826.481689453125,2929.861572265625,22627377457,3322.1111083984374,3549.673642578125,34.40844122848496,-42.81988077050707,3182.8221303990504,3319.407596997799
2024-07-09,3064.032958984375,3105.800537109375,3005.522216796875,3018.80322265625,15269945822,3297.3453857421873,3537.6771923828123,37.298768562301206,-33.74279844670416,3164.5468732583313,3300.490957144953
2024-07-10,3102.21875,3148.407470703125,3026.6083984375,3066.13720703125,14578679176,3276.9019775390625,3523.9353125,39.71044798200799,-22.915928262049533,3154.957931218588,3285.8041269860673
2024-07-11,3100.330810546875,3208.9384765625,3057.21923828125,3101.335205078125,15230095766,3256.1147338867186,3511.1975732421874,39.62929009083655,-14.065069193921317,3146.553758807555,3272.0653628053865
2024-07-12,3134.15869140625,3154.6015625,3048.508056640625,3099.989990234375,12751638331,3238.081994628906,3498.3422021484375,41.919766050049226,-4.605354918197904,3144.6468253612,3261.850053812858
2024-07-13,3177.19873046875,3199.989501953125,3115.080322265625,3134.550537109375,8565105946,3226.011340332031,3487.3474853515627,44.78988976460708,5.338479103058873,3149.6548107623616,3255.579585416998
2024-07-14,3244.0791015625,3266.487548828125,3166.43115234375,3176.741455078125,10517709666,3220.7024780273437,3477.2443359375,49.006807808524194,16.573744612189643,3164.1816247316137,3254.7276977240717
2024-07-15,3489.552734375,3494.098388671875,3235.776123046875,3246.131591796875,18305490390,3225.428662109375,3470.51744140625,60.83180327171579,39.389112995321454,3214.2387185229036,3272.1221448833994
2024-07-16,3443.513427734375,3498.218994140625,3351.77978515625,3486.14404296875,20446664416,3229.13046875,3461.5475732421874,58.110050679883706,49.57319568011822,3249.5117507092837,3284.817795464953
2024-07-17,3388.75244140625,3516.104248046875,3379.099609375,3446.73681640625,16739123962,3226.3280639648438,3452.5174951171875,54.96017624279236,50.63678219232786,3270.9333954318936,3292.5166581272715
2024-07-18,3426.258544921875,3488.715576171875,3374.990478515625,3388.030029296875,15035622003,3228.959191894531,3445.7787353515623,56.69170014981123,51.7009220861682,3294.829572276506,3302.4234645565016
2024-07-19,3505.73486328125,3540.58837890625,3377.877685546875,3425.90869140625,17705629736,3235.597546386719,3440.9564404296875,60.18472744267138,55.27022905904919,3327.2765401233896,3317.483568165742
2024-07-20,3519.29541015625,3539.904296875,3482.489013671875,3505.721435546875,10360198325,3239.917858886719,3436.14181640625,60.76618171667688,55.89005467748689,3356.8179047438293,3332.432593498372
2024-07-21,3536.60546875,3546.619140625,3415.44384765625,3519.426513671875,13845913681,3244.7310546875,3430.6099462890625,61.53832881169936,54.74061057911949,3384.477529975548,3347.5565101836783
2024-07-22,3440.419921875,3560.075439453125,3425.795654296875,3536.627197265625,18723199034,3245.9343139648436,3423.8004248046873,55.05454391023396,45.17468893872814,3393.0840518062328,3354.4352814200724
2024-07-23,3481.995849609375,3539.53173828125,3395.4208984375,3440.768310546875,24468405650,3255.3882690429687,3418.11255859375,57.155858885517766,39.52359686824234,3406.762789929793,3363.884212397058
2024-07-24,3336.33935546875,3487.653076171875,3304.039306640625,3482.15185546875,16040945448,3269.479138183594,3408.5890283203125,48.58574124214651,24.58366568659298,3395.928415397325,3361.843852624591
2024-07-25,3174.42724609375,3341.4384765625,3088.764404296875,3336.3623046875,25293745810,3279.120568847656,3394.792353515625,41.19187267563492,3.5114194493514077,3361.851312427544,3347.961141029714
2024-07-26,3275.951416015625,3285.760986328125,3172.777099609375,3174.051025390625,15993893521,3289.4492431640624,3384.0792626953125,46.67202678389889,-3.4959164197264396,3348.635943748787,3342.6270873249664
2024-07-27,3247.60791015625,3327.426513671875,3195.356689453125,3275.8916015625,15198233287,3305.3602783203123,3375.458837890625,45.40004609126495,-9.600186600420248,3333.0931693499356,3335.5886297569136
2024-07-28,3271.464599609375,3283.152099609375,3201.76318359375,3247.50732421875,8959236446,3317.9969116210937,3367.269130859375,46.71635871670385,-11.465261490374477,3323.611850928311,3330.838701597837
2024-07-29,3320.539306640625,3396.625732421875,3257.715576171875,3271.453369140625,18334852719,3330.822229003906,3359.5618408203127,49.41780693493284,-8.94003397326242,3323.1391518071287,3330.075783452858
2024-07-30,3278.667724609375,3365.322509765625,3235.760009765625,3320.63525390625,14045773047,3339.644677734375,3351.8008447265624,47.21813497545379,-9.579030115927893,3316.2973937767047,3326.2677790940816
2024-07-31,3231.295654296875,3347.636474609375,3216.07177734375,3278.6865234375,16135380637,3346.192919921875,3346.460146484375,44.789096306063406,-12.49699887834555,3303.2202030875,3319.232806886881
2024-08-01,3201.564453125,3241.77734375,3078.5439453125,3231.248779296875,20217639556,3349.5632080078126,3339.29908203125,43.28412233461061,-15.536136538952313,3287.580856939423,3310.516632534149
2024-08-02,2986.01318359375,3214.527099609375,2965.73388671875,3201.599365234375,21400241741,3340.0039306640624,3329.633720703125,34.28855292538853,-30.315096554731024,3241.185830270858,3286.479340020045
2024-08-03,2903.3857421875,3015.296142578125,2861.177490234375,2985.950927734375,17844091431,3322.9692626953124,3318.09599609375,31.57923453482958,-43.12562986567712,3189.216585950341,3258.1020364768938
2024-08-04,2686.39892578125,2931.4716796875,2639.566650390625,2903.088623046875,21139601426,3282.811572265625,3300.5129833984374,25.811363282060896,-62.50705151885335,3111.8600228474043,3215.7536579068465
2024-08-05,2417.206298828125,2695.88671875,2122.546142578125,2686.027587890625,67668132244,3231.4962158203125,3276.44583984375,20.748322319527944,-88.18015918885884,3004.9902191521305,3156.602001678793
2024-08-06,2458.723876953125,2553.5810546875,2416.527099609375,2417.269775390625,26041995921,3184.9947875976563,3255.3927392578125,23.248890465468847,-96.42116720494231,2920.9492434292065,3104.907325773188
2024-08-07,2336.58935546875,2551.560791015625,2312.168701171875,2458.989013671875,24264218606,3130.511328125,3232.4508984375,21.136145272625754,-103.52819694788376,2831.047722204521,3047.994883528415
2024-08-08,2683.352783203125,2721.95458984375,2322.529541015625,2336.9150390625,23468291180,3089.392224121094,3214.931005859375,38.284383183859774,-79.39197544461564,2808.3254238966138,3020.9843575783934
2024-08-09,2599.5986328125,2706.451171875,2555.2294921875,2683.719970703125,17907141655,3043.4073852539063,3196.701240234375,36.23498065958568,-64.23202565399154,2776.2136098836736,2989.770600188327
2024-08-10,2610.02294921875,2642.92578125,2580.661865234375,2599.582275390625,9361014219,2997.078259277344,3178.580185546875,36.68924540470824,-49.336291180052314,2750.6458159352237,2961.641144560951
2024-08-11,2553.252197265625,2718.797607421875,2544.1748046875,2609.9697265625,13595441987,2952.719873046875,3159.7489599609376,35.217779340762334,-39.562805658525775,2720.2775669091316,2931.390111427964
2024-08-12,2724.431884765625,2749.135009765625,2513.39404296875,2553.49658203125,21653090666,2914.8416748046875,3145.865361328125,42.682460703919666,-18.87475265794035,2720.916692733207,2916.059872415939
2024-08-13,2703.671875,2737.990478515625,2613.80126953125,2724.303466796875,16383053029,2883.20830078125,3132.933671875,42.04964422999407,-4.63628582955198,2718.263643851175,2900.3274281629065
2024-08-14,2662.914794921875,2775.281005859375,2636.705322265625,2703.5869140625,15825365408,2857.632678222656,3118.29138671875,40.77159888497236,3.5477020989445123,2709.7484363235903,2882.7413071820893
2024-08-15,2570.087646484375,2675.314453125,2518.670654296875,2662.885498046875,16345801912,2822.339489746094,3102.30359375,37.942994742770544,4.176765728894907,2688.2621609637113,2859.581776760036
2024-08-16,2593.1865234375,2629.383544921875,2553.071533203125,2570.085205078125,13275561555,2789.6184204101564,3085.2713134765627,39.07567081295539,7.426181038889467,2673.6351398058328,2839.8487950324406
2024-08-17,2614.546875,2626.6728515625,2588.78515625,2593.1669921875,6676568717,2756.7725341796877,3070.08953125,40.16330960894373,12.019767899666931,2664.5446375280126,2823.1597639189263
2024-08-18,2613.357177734375,2684.031005859375,2596.735107421875,2614.109619140625,9207267415,2721.413427734375,3054.8973193359375,40.120348905290314,15.748565116182732,2656.669643713607,2807.618831608959
2024-08-19,2637.306396484375,2648.284423828125,2566.401123046875,2612.718505859375,11968963282,2689.345361328125,3038.9856640625,41.477427108004925,20.308271951317806,2653.6906826014174,2795.003095673805
2024-08-20,2573.10693359375,2695.913818359375,2556.74755859375,2637.306396484375,13249483464,2656.435925292969,3021.6409716796875,38.930368954676275,19.478019880523902,2641.293182754084,2778.5663429271344
2024-08-21,2631.3955078125,2662.953369140625,2538.65771484375,2573.10888671875,12766015263,2627.9274780273436,3005.941787109375,42.389487995306546,23.085475200453317,2639.7704635323016,2767.6647995853095
2024-08-22,2622.951416015625,2644.82373046875,2587.110595703125,2630.8642578125,10723280428,2609.7743896484376,2992.54248046875,42.01818225005018,24.973951458166567,2637.1829177605055,2756.9452896912585
2024-08-23,2764.447021484375,2799.329833984375,2622.5810546875,2622.916015625,16857181970,2602.8274536132812,2986.7409814453126,49.932352261979524,35.197888401788106,2656.762010641101,2757.5009735277854
2024-08-24,2769.3896484375,2820.0205078125,2737.776611328125,2765.4814453125,11765811307,2606.9769897460938,2982.4968017578126,50.18812016651122,41.31565976610949,2674.0893395328544,2758.38161611369
2024-08-25,2749.15771484375,2793.012939453125,2736.0888671875,2769.09814453125,9375535539,2623.574560546875,2976.0923974609377,49.0828141017094,42.83831402327337,2685.6383203499154,2757.698364167769
2024-08-26,2681.340576171875,2763.004150390625,2668.88671875,2749.24755859375,12282035835,2634.7053955078127,2971.13146484375,45.4680905040513,38.26660404432606,2684.9771289379096,2752.042231723629
2024-08-27,2458.7265625,2700.15283203125,2401.175048828125,2681.622802734375,18028996056,2640.812255859375,2959.931357421875,36.07600908906764,20.14872896119786,2650.1693494859232,2730.3151451144713
2024-08-28,2528.41552734375,2553.820068359375,2422.293701171875,2458.90478515625,20359545410,2633.065393066406,2949.2190087890626,40.237778937707304,13.098319160665483,2631.4379922332814,2715.3596178721955
2024-08-29,2528.792724609375,2595.97705078125,2507.50244140625,2528.3623046875,13946434277,2629.52509765625,2937.75048828125,40.26044965876285,8.901207518031072,2615.6464125988346,2701.5398480008753
2024-08-30,2525.822021484375,2539.915283203125,2432.83447265625,2528.732177734375,15526218255,2625.315051269531,2926.2603125,40.13132846258279,6.478564576813596,2601.827275504302,2688.523712703357
2024-08-31,2513.393798828125,2532.389892578125,2493.70556640625,2525.859130859375,6646876013,2623.322131347656,2913.8450146484374,39.55970970570789,4.67680042553603,2588.2221252464287,2675.551126490377
2024-09-01,2427.90234375,2515.46728515625,2401.88916015625,2513.42431640625,11800443265,2608.495654296875,2898.8590869140626,35.783908848510706,-1.3147416528644555,2563.5575434777475,2657.2067722133124
2024-09-02,2538.187255859375,2563.0859375,2426.095947265625,2427.973388671875,12520444224,2600.2214233398436,2884.74125,43.30191155378512,2.8787181165921254,2559.6544223056903,2648.3905117426507
2024-09-03,2420.603759765625,2552.802734375,2419.875244140625,2538.16064453125,11406800197,2588.1058715820313,2863.3622705078124,38.17086907470046,-1.3124790127338457,2538.262012684142,2631.517419003612
2024-09-04,2448.97705078125,2488.91650390625,2313.26513671875,2420.1923828125,16709600747,2582.050341796875,2843.47154296875,40.01787552553157,-1.221694592465667,2524.525864699082,2617.9959102464
2024-09-05,2367.737548828125,2465.38525390625,2348.86328125,2448.98681640625,13632325040,2570.7778930664062,2823.0512451171876,36.64263882121798,-5.44425404469952,2500.4045853343196,2599.4582538450463
2024-09-06,2223.87646484375,2406.511962890625,2150.86328125,2367.700927734375,25825618367,2551.2443725585936,2799.003603515625,31.565453670737824,-16.132934842499253,2457.8617975665397,2571.637380585691
2024-09-07,2274.107177734375,2310.19482421875,2222.100830078125,2223.92919921875,11124608320,2534.281872558594,2774.3710498046876,34.95440140414445,-17.89088165588582,2429.591856053899,2549.5981063004083
2024-09-08,2297.29296875,2332.359375,2243.911376953125,2274.437744140625,10718443487,2517.281201171875,2749.9310009765627,36.5171290527092,-15.644229742030276,2409.2381810840684,2530.90883685223
2024-09-09,2358.482177734375,2379.78662109375,2274.115478515625,2297.896240234375,15887712451,2506.5499633789063,2726.36853515625,40.5747721277953,-8.544400417713348,2401.4295651841157,2518.1364917323885
2024-09-10,2389.5810546875,2398.50390625,2323.07177734375,2358.497802734375,12795818970,2494.4592407226564,2705.3517578125,42.5834438853077,-0.675698576108644,2399.6067174154055,2508.6138667661007
2024-09-11,2339.841552734375,2389.71826171875,2279.0537109375,2389.603759765625,15355180967,2480.303747558594,2682.508671875,40.240596817316465,2.105050875977298,2390.412076695247,2496.112213874862
2024-09-12,2361.78173828125,2390.186767578125,2316.15771484375,2339.8408203125,12162634681,2460.1704833984377,2663.01751953125,41.76264481985396,6.120631221757577,2386.00740924694,2486.1618082753353
2024-09-13,2441.607177734375,2462.802978515625,2338.14404296875,2361.740966796875,13759640866,2443.781359863281,2648.3611181640626,47.047070504713936,14.379827809056081,2394.5612197834685,2482.8614652723013
2024-09-14,2418.595703125,2442.632080078125,2386.979736328125,2441.580810546875,8170291680,2427.2532592773437,2631.21400390625,45.75807410690276,18.270293965244747,2398.2588326052423,2478.1010384465753
2024-09-15,2320.897216796875,2430.38330078125,2286.628173828125,2418.26611328125,10155470375,2409.231091308594,2612.6797900390625,40.66408313719695,14.410587557928949,2386.357045557801,2466.4563109169676
2024-09-16,2295.28369140625,2334.789794921875,2253.715087890625,2320.89453125,16819033263,2401.058947753906,2593.156171875,39.4249228358553,10.463004480747287,2372.3457603037164,2453.776857619878
2024-09-17,2341.707763671875,2392.149169921875,2263.79296875,2295.284423828125,15356783863,2391.7235595703123,2573.579541015625,42.82568334390523,11.240704723124537,2367.632222360356,2445.475443253359
2024-09-18,2369.72900390625,2369.72900390625,2278.66455078125,2341.73291015625,18159056422,2383.770373535156,2555.4007666015623,44.838691057366326,13.739307086768548,2367.9548041366475,2439.8645958943143
2024-09-19,2464.752197265625,2492.20458984375,2369.374755859375,2369.374755859375,18437147349,2380.7168823242187,2540.0698974609377,51.12323620402282,21.43015015559301,2382.8467107718748,2441.708121921819
2024-09-20,2561.072021484375,2571.99267578125,2439.3779296875,2464.7822265625,19112788620,2383.100793457031,2527.260048828125,56.52958229650962,32.006126711024024,2410.2659893430287,2450.549892259786
2024-09-21,2615.857177734375,2621.62255859375,2530.837890625,2560.879638671875,10797825021,2392.49853515625,2519.8569287109376,59.287974506235884,41.11244496037103,2441.8954029416973,2462.7948763690147
2024-09-22,2582.862548828125,2632.039306640625,2528.522216796875,2615.84814453125,13180663011,2394.7322998046875,2513.44646484375,56.94440265618805,43.1246372080239,2463.582656154994,2471.6887780326524
2024-09-23,2648.54638671875,2701.677734375,2541.910400390625,2582.77490234375,19912841456,2406.129431152344,2512.6894140625,60.30807566176805,46.78402571993306,2492.038614703264,2484.78934163903
2024-09-24,2654.35498046875,2671.27587890625,2593.152099609375,2648.482177734375,16658812503,2416.398327636719,2517.4323876953126,60.60120832890752,47.356285286518585,2517.0103632825694,2497.3497593301204
2024-09-25,2579.388671875,2672.4619140625,2557.724365234375,2654.361572265625,14119729962,2426.9808837890623,2519.84568359375,54.95980613190768,40.70079332966938,2526.607026142943,2503.426715814926
2024-09-26,2632.199951171875,2665.99267578125,2559.954345703125,2579.217529296875,17336033595,2447.3970581054687,2525.7578955078125,57.930886406841644,37.92568043531781,2542.8520915320096,2512.9654739895145
2024-09-27,2695.900634765625,2728.067626953125,2616.950927734375,2632.241943359375,17023020294,2468.4867309570313,2526.0088525390624,61.251167447947665,38.33668601078729,2566.3980212602582,2526.516226639597
2024-09-28,2677.5390625,2704.9287109375,2652.25048828125,2695.81591796875,10252590559,2487.4990356445314,2527.5676611328126,59.786414273199476,35.398744807662766,2583.4966429894494,2537.703103369997
2024-09-29,2659.346923828125,2683.44580078125,2635.5849609375,2677.628662109375,11126215671,2502.542272949219,2528.554140625,58.298873711417,30.445892332459707,2595.16591696463,2546.7137567372656
2024-09-30,2603.062744140625,2662.489013671875,2576.97607421875,2659.292724609375,17826446789,2513.216357421875,2529.5503515625,53.835888374062016,21.989431803326884,2596.3808134532446,2550.8877558041813
2024-10-01,2448.921142578125,2657.615478515625,2415.07861328125,2603.26416015625,25482371785,2518.6703369140623,2524.04013671875,43.91973536110802,5.485128842367544,2573.694710241688,2543.334673342992
2024-10-02,2365.231689453125,2498.121337890625,2354.539306640625,2448.877197265625,20148256472,2518.8428344726562,2517.2713330078127,39.649564049948076,-10.71463320290595,2541.6234762742165,2530.1418597215206
2024-10-03,2349.791259765625,2402.862548828125,2311.02783203125,2365.213623046875,18051447791,2514.2520385742187,2511.0088623046877,38.8981354789257,-21.49438255687921,2512.110827580587,2516.782556021084
2024-10-04,2414.7939453125,2440.242431640625,2339.870849609375,2349.73291015625,14879264082,2514.0619506835938,2507.90298828125,43.7327471927927,-23.129198955027327,2497.1389995393424,2509.2278441167446
2024-10-05,2415.6318359375,2427.517578125,2390.844482421875,2414.84716796875,8152969183,2518.798681640625,2504.35189453125,43.79448153291117,-22.988579954538405,2484.5994359082897,2502.2948064738375
2024-10-06,2439.957763671875,2456.630615234375,2407.099365234375,2415.53173828125,8458690205,2526.0323852539063,2500.8601123046874,45.65857998561044,-20.191176642639945,2477.731486333457,2497.677247747766
2024-10-07,2421.796630859375,2520.40625,2405.13427734375,2439.94482421875,17414044416,2530.036828613281,2497.0289013671877,44.47269773751027,-18.540602069672456,2469.126123952829,2492.056461311589
2024-10-08,2439.8408203125,2464.12744140625,2400.5107421875,2421.98095703125,14067361080,2533.5424194335938,2493.07958984375,45.97411089528666,-15.342566511809954,2464.6206926235473,2488.188636052397
2024-10-09,2368.283447265625,2470.9130859375,2350.946533203125,2439.840087890625,14954047093,2528.7189819335936,2488.9831201171874,41.21475619892358,-17.02545227696152,2449.799577953098,2479.30677021634
2024-10-10,2383.85791015625,2417.2880859375,2329.78466796875,2368.273193359375,15327769940,2519.8582763671875,2484.0323681640625,42.607381076130515,-16.080030652264078,2439.654705984352,2472.2364842859624
2024-10-11,2436.513427734375,2470.395751953125,2380.504638671875,2383.940185546875,13489061564,2510.8910888671876,2480.3036083984375,47.16466205662407,-11.13372151362335,2439.1714324074323,2469.590331948808
2024-10-12,2476.523193359375,2488.23779296875,2434.202880859375,2436.515625,9372169184,2505.57412109375,2474.5451318359374,50.388261092987776,-4.720673633166136,2444.9178571692696,2470.1038772384795
2024-10-13,2467.677001953125,2484.12939453125,2436.9697265625,2476.520263671875,9189490605,2496.530651855469,2468.51087890625,49.66672663907341,-0.8315985629489617,2448.4192640590936,2469.9241086988236
2024-10-14,2628.89990234375,2652.8818359375,2443.552978515625,2467.6474609375,21434687898,2495.2578979492187,2466.10572265625,60.709344798913605,12.1269350131241,2476.1855161028866,2481.7000934132625
2024-10-15,2606.02197265625,2685.166748046875,2537.94091796875,2629.017578125,22003780898,2496.589562988281,2464.5993505859374,58.739983607437544,18.314197112639413,2496.160355572635,2490.909121505336
2024-10-16,2611.10205078125,2644.854248046875,2589.60693359375,2606.01953125,17012396419,2495.53466796875,2467.6468603515623,59.05758444947463,21.67548391254217,2513.8436932970376,2499.8123014517
2024-10-17,2604.2734375,2646.8740234375,2577.305908203125,2611.192138671875,15150712321,2490.9533081054688,2469.1640185546876,58.40676249705633,22.279912257564312,2527.755961635955,2507.550163381204
2024-10-18,2641.55224609375,2674.371826171875,2595.958984375,2604.814453125,17043738652,2489.1539672851563,2471.419208984375,60.937574629825576,23.888762193959696,2545.2630823217696,2517.4762435821335
2024-10-19,2648.656982421875,2661.872802734375,2631.656982421875,2641.48828125,8557834553,2488.6194702148437,2473.875908203125,61.41938588656422,24.062739431686275,2561.169836183324,2527.19333534804
2024-10-20,2746.364013671875,2756.436767578125,2635.94580078125,2648.665771484375,14559296242,2495.784533691406,2478.5353125,67.37852898751052,29.05542903358154,2589.6612481046395,2543.4282004090646
2024-10-21,2665.712158203125,2765.549560546875,2655.29443359375,2746.3056640625,17328615363,2506.6240844726562,2483.2915087890624,59.24400215496096,25.357998480819724,2601.361388119791,2552.486271356773
2024-10-22,2620.197509765625,2669.7900390625,2605.61865234375,2665.65673828125,15541911074,2519.3723754882812,2484.9317138671877,55.19427020050931,18.592172847891874,2604.259252988381,2557.501918646318
2024-10-23,2509.098876953125,2624.450439453125,2457.169921875,2620.088623046875,17876984551,2527.337756347656,2486.7016162109376,46.78709371974186,6.030020393685003,2589.6191951368032,2553.9165081505257
2024-10-24,2534.49853515625,2559.1513671875,2506.722900390625,2523.60693359375,16128627601,2533.3229858398436,2488.4120458984376,48.710574472139605,-0.8093702174704447,2581.1390936013336,2552.478139780579
2024-10-25,2435.93408203125,2563.734130859375,2381.45068359375,2534.454833984375,22560233078,2534.338098144531,2489.7759765625,42.31803412554813,-11.612567680077586,2558.79986105209,2543.845246613962
2024-10-26,2479.603271484375,2503.23046875,2427.46142578125,2436.050048828125,13597102184,2536.3203735351562,2494.8905126953123,45.71704979735407,-15.230394846711405,2546.6157703493645,2539.0865817895483
2024-10-27,2505.940673828125,2523.17138671875,2462.27197265625,2479.93701171875,9801434566,2540.5275756835936,2499.5271826171875,47.718051105722154,-15.226279649790275,2540.358063192251,2536.631329347961
2024-10-28,2565.34814453125,2587.43017578125,2470.268310546875,2505.590576171875,18971841402,2546.802941894531,2504.8882861328125,52.014836981819165,-10.807058597232746,2544.2026910905583,2538.758500843019
2024-10-29,2637.95751953125,2680.054443359375,2560.15380859375,2565.41796875,22185845095,2560.2866455078124,2510.47779296875,56.69894343397111,-2.9850514364108633,2558.626510850665,2546.1065763014067
2024-10-30,2657.37255859375,2720.271484375,2600.609619140625,2637.64013671875,22382690746,2573.9623779296876,2515.833623046875,57.88282767895391,3.171778881698849,2573.818210503447,2554.3485009156543
2024-10-31,2515.79931640625,2667.5595703125,2501.572265625,2657.213134765625,19760409505,2577.9266723632813,2519.3527783203126,47.65183120434371,-2.318967741373678,2564.892226796186,2551.4930057668093
2024-11-01,2511.885498046875,2583.777099609375,2467.8193359375,2515.870361328125,20215438328,2579.694787597656,2522.354853515625,47.40238747923542,-6.03196770134841,2556.7373454501385,2548.5591163060735
2024-11-02,2491.068603515625,2522.360595703125,2471.95556640625,2512.208251953125,9639457439,2580.864367675781,2523.34408203125,46.022439905653954,-9.50103565831403,2546.634462075598,2544.3005598030772
2024-11-03,2456.42529296875,2495.4365234375,2411.3984375,2491.094482421875,15667779706,2572.2406372070313,2524.100673828125,43.74034998270516,-13.496072273836166,2532.756128366852,2537.7912807783123
2024-11-04,2397.0263671875,2488.350341796875,2359.578125,2456.09521484375,17110200696,2561.7908569335937,2525.6232568359374,40.07140212054595,-19.16043468590407,2511.8746266469516,2527.364250141956
2024-11-05,2422.650634765625,2478.618896484375,2380.601318359375,2397.036376953125,17894057485,2552.3682861328125,2528.170595703125,42.319154457336936,-20.104510852556714,2498.1478586652092,2519.6076860400053
2024-11-06,2724.169189453125,2743.964111328125,2421.81298828125,2422.539306640625,41887574364,2558.363073730469,2535.81982421875,60.902114026156234,-0.38776190413911005,2532.920371094119,2534.7603899965325
2024-11-07,2895.58544921875,2918.744384765625,2701.5908203125,2724.005859375,35352318438,2571.064733886719,2546.336953125,67.34345333273097,22.943266668033164,2588.7149984979087,2561.4881721611414
2024-11-08,2962.296630859375,2983.744873046875,2889.484375,2895.597900390625,32303261101,2586.746716308594,2556.287841796875,69.45269846242051,40.58227879622754,2646.1890957842884,2591.17768762027
2024-11-09,3131.14453125,3156.3662109375,2957.182373046875,2962.791015625,29210133088,2605.9857421875,2567.6892919921875,74.02553004064502,60.15461068547308,2720.797624317475,2631.1752315928425
2024-11-10,3191.331298828125,3249.9140625,3073.248779296875,3130.729248046875,47418730187,2632.26669921875,2579.1987744140624,75.43703737755288,72.84109179728516,2793.1874203960365,2672.6682736102707
2024-11-11,3374.81298828125,3389.529296875,3109.76953125,3191.656982421875,55417771668,2669.9974731445313,2595.037783203125,79.15579719887242,88.24898303180201,2882.6682769937615,2724.6789932155284
2024-11-12,3246.25732421875,3444.154052734375,3211.198486328125,3375.15478515625,56686078066,2706.8553955078123,2606.992001953125,71.04046424498203,84.44026208143167,2938.6050534899136,2763.314425141693
2024-11-13,3192.595947265625,3337.877197265625,3121.666015625,3244.543212890625,52010205682,2739.7602661132814,2617.7568212890624,67.91066226455843,73.37372234586617,2977.680575609254,2795.1130564101322
2024-11-14,3058.94873046875,3240.270751953125,3032.971923828125,3192.5205078125,35743352141,2770.910998535156,2627.3480224609375,60.733952169884816,53.06650571005744,2990.183368664561,2814.6564396737335
2024-11-15,3103.04052734375,3130.703857421875,3016.14404296875,3059.526123046875,32701369872,2802.082861328125,2636.764833984375,62.15490480508785,39.253888988002416,3007.5460084613596,2836.0182239455867
2024-11-16,3133.27392578125,3218.089599609375,3073.286376953125,3089.739990234375,26650658846,2833.4495239257812,2645.5122998046877,63.139897041341776,29.26216369763128,3026.8887649721123,2858.0371648223027
2024-11-17,3075.66162109375,3160.152587890625,3039.246826171875,3133.306640625,28348163224,2858.965197753906,2653.4747509765625,59.93848249828211,16.516279943884257,3034.392281298518,2874.157494916484
2024-11-18,3207.8564453125,3225.130615234375,3052.4912109375,3075.722900390625,35445557613,2887.4601440429688,2664.44494140625,64.39898977460695,14.787706909998633,3061.079075762207,2898.8759356865594
2024-11-19,3111.384033203125,3222.00439453125,3070.36279296875,3208.25048828125,29823634432,2910.1607177734377,2674.6113671875,59.21721860690011,5.42847245991652,3068.818299983887,2914.617276243342
2024-11-20,3072.18798828125,3159.949462890625,3032.603271484375,3111.116943359375,29785491216,2937.9801513671873,2687.0767041015624,57.203290425640766,-4.580014841019874,3069.3367135680965,2926.289180838743
2024-11-21,3361.053955078125,3388.54296875,3035.8466796875,3072.05517578125,51619069348,2980.43857421875,2706.9931494140624,66.29967606551477,6.475810147281294,3114.216289185024,2958.493978930549
2024-11-22,3331.600830078125,3428.46044921875,3262.808837890625,3360.654296875,36775716442,3022.465185546875,2726.6293408203123,64.78761216766115,9.825632911877335,3147.660064707039,2986.131523459999
2024-11-23,3396.223388671875,3499.370849609375,3317.65478515625,3331.6455078125,38835184688,3069.4550903320314,2746.2579296875,66.58812821238985,14.151175272162561,3185.9005760862447,3016.5086986608785
2024-11-24,3363.659912109375,3451.80224609375,3288.430908203125,3396.99951171875,27901454185,3117.786767578125,2765.2184912109374,64.79032167676225,12.627088583742761,3213.2481662436494,3042.2236033607674
2024-11-25,3413.5439453125,3545.27880859375,3304.093994140625,3364.6015625,51544793988,3167.331433105469,2784.69021484375,66.29172758564779,12.749290648128778,3244.062901485011,3069.728813875711
2024-11-26,3326.517333984375,3461.29296875,3255.54296875,3412.950927734375,39902959158,3197.448840332031,2802.78462890625,61.37472098747516,5.1305728766575385,3256.7481987926053,3088.750185735612
2024-11-27,3657.249267578125,3687.009033203125,3303.56787109375,3326.029052734375,43383987191,3235.53203125,2827.1327978515624,70.36947897001508,19.708063056910476,3318.3637478365313,3130.8612288350573
2024-11-28,3579.8115234375,3664.878173828125,3531.87060546875,3656.609619140625,32362724276,3266.4077758789062,2851.363359375,66.46662139819017,21.340176309434298,3358.5864825443728,3164.1168062130164
2024-11-29,3593.494384765625,3647.264404296875,3538.44677734375,3579.91064453125,27622629486,3289.5252685546875,2875.5560888671876,66.81682868035861,20.539285611831986,3394.726159809181,3195.922552772469
2024-11-30,3705.705322265625,3739.934814453125,3572.254150390625,3593.59814453125,30670867436,3315.2439697265627,2900.9399267578124,69.61898930685754,24.496437642345,3442.569107879403,3233.6842394015916
2024-12-01,3711.1650390625,3747.455322265625,3663.234130859375,3706.619873046875,28018113530,3332.061572265625,2925.632763671875,69.75282733549024,24.359952376448575,3483.891558830649,3269.053187524622
2024-12-02,3644.198486328125,3761.343017578125,3557.252197265625,3710.495361328125,47284967570,3351.958630371094,2949.163193359375,65.91709842164413,16.987212763774608,3508.55416306103,3296.8417281767333
2024-12-03,3620.711669921875,3670.2197265625,3504.226318359375,3643.7421875,36839829742,3373.3644165039063,2968.9994287109375,64.5758563803337,8.201478211274718,3525.8091641165447,3320.832094231929
2024-12-04,3841.3310546875,3895.17431640625,3617.74462890625,3620.03759765625,56799745752,3412.483532714844,2993.7056103515624,70.62265862220849,14.550263182094966,3574.350993435153,3359.3875727841937
2024-12-05,3811.00830078125,3956.54150390625,3683.4208984375,3840.844482421875,60568296606,3447.8819213867187,3017.7037353515625,68.88228064592032,14.00455395027052,3610.7598099499373,3392.8409600432346
2024-12-06,4005.810546875,4093.172119140625,3782.681396484375,3792.20849609375,52853668566,3491.508752441406,3045.7344775390625,73.41488722809265,23.501148656119227,3671.5368463999466,3438.2461146233654
2024-12-07,4002.692626953125,4029.452880859375,3974.17626953125,4006.02880859375,22574636761,3537.860302734375,3072.95728515625,73.23102561658041,26.10987124238335,3722.483889561974,3480.056967388533
2024-12-08,4005.70458984375,4018.0,3927.85400390625,4007.690673828125,20943378971,3577.7527099609374,3100.0982373046877,73.30058856117843,24.596340598192313,3766.0563049899397,3518.9938283111414
2024-12-09,3718.6904296875,4008.77783203125,3525.23291015625,4006.101806640625,57029832059,3608.118029785156,3119.544765625,57.868440140378986,2.0135536133295773,3758.7692472511026,3533.7861691538346
2024-12-10,3631.833740234375,3780.75341796875,3520.365234375,3719.00048828125,58416417599,3636.1003173828126,3138.867197265625,54.15287339505959,-19.822215176566743,3739.2407077100675,3541.0489521968375
2024-12-11,3832.822021484375,3850.765380859375,3567.56640625,3631.276123046875,35968053196,3659.688720703125,3163.1196875,60.476809011923386,-21.630327942195834,3753.6378329061145,3562.6617721440625
2024-12-12,3883.1015625,3987.005859375,3800.0908203125,3833.172119140625,42971675764,3687.2637573242187,3190.5997412109373,61.89288525502523,-20.359289478963888,3773.555329766712,3586.398052911169
2024-12-13,3911.205322265625,3967.395263671875,3855.023681640625,3883.030029296875,34895127659,3713.0128540039063,3218.133876953125,62.69739552873469,-18.593732228810694,3794.732251689622,3610.4578506411285
2024-12-14,3868.4052734375,3943.278076171875,3826.761962890625,3910.847900390625,28756190559,3738.2501220703125,3246.78330078125,60.599148709135655,-21.093310155288577,3806.066562727757,3629.5650671445637
2024-12-15,3951.941162109375,3971.498046875,3832.0966796875,3868.441162109375,25069616984,3765.1699829101562,3276.23005859375,63.18857313685506,-18.02461986776973,3828.508808786468,3653.444777882698
2024-12-16,3987.48095703125,4106.95556640625,3882.705322265625,3951.65283203125,46536359669,3798.2181640625,3305.8608642578124,64.26459921383791,-14.648629575456027,3852.966062362588,3678.1881985603686
2024-12-17,3886.76611328125,4040.337890625,3849.28662109375,3987.333984375,35418700472,3809.6940063476563,3332.2892236328125,59.001223061732155,-19.91907011765312,3858.1660701962287,3693.6384144656195
2024-12-18,3618.791259765625,3902.715576171875,3617.840576171875,3886.886962890625,48946681636,3811.6429931640623,3351.9058984375,47.78661468172568,-40.96138427885822,3821.3391762838282,3688.0941807841386
2024-12-19,3417.927978515625,3717.662353515625,3330.87255859375,3619.58203125,58879190250,3802.8646728515623,3367.1170068359374,41.42995763226889,-66.40986735585369,3759.27591508872,3668.0818695049893
2024-12-20,3472.553466796875,3496.327392578125,3098.20361328125,3417.93017578125,66383827229,3791.207080078125,3386.25208984375,43.62619524793192,-76.82994228889652,3715.164769197667,3653.598284119203
2024-12-21,3337.222412109375,3552.921630859375,3293.505615234375,3472.589111328125,31579389836,3772.5099487304688,3402.758828125,39.6585948281798,-89.23173641917947,3657.0197911840833,3630.1630343406973
2024-12-22,3277.53515625,3398.657470703125,3219.294921875,3336.998779296875,24780768375,3754.1767822265624,3418.4881591796875,38.016415489253504,-97.19472350818069,3598.637539655763,3604.0424507784232
2024-12-23,3415.785400390625,3461.52783203125,3217.36865234375,3277.51416015625,34496081389,3743.93046875,3437.675361328125,43.81924499313748,-89.10468412901683,3570.50644130728,3590.097484083031
2024-12-24,3492.0498046875,3535.857666015625,3355.609130859375,3415.738037109375,23083678195,3726.46640625,3459.575830078125,46.779200453904885,-75.12971588027185,3558.4361895196216,3582.8346930166954
2024-12-25,3493.2353515625,3542.833740234375,3440.09716796875,3491.95751953125,17651873225,3710.5777587890625,3480.9875244140626,46.82610097224427,-62.818900617323806,3548.405291372372,3576.197704760829
2024-12-26,3331.225830078125,3512.6044921875,3302.306396484375,3493.30419921875,22247726776,3676.848522949219,3493.1286572265626,41.45043984537131,-62.46804851240957,3514.9930665578727,3558.0516399695175
2024-12-27,3328.9169921875,3436.710693359375,3302.57568359375,3331.0537109375,24091627403,3643.1597412109377,3501.7952880859375,41.37753672715162,-59.2977600034727,3486.3659781931997,3541.078703096776
2024-12-28,3397.90234375,3419.920166015625,3318.033935546875,3328.774658203125,14305648523,3612.76962890625,3510.50740234375,44.517476315557204,-49.84151493592134,3472.7561882788614,3530.4730468488665
2024-12-29,3349.513427734375,3406.6484375,3321.664794921875,3397.862548828125,13440907792,3594.3107788085936,3514.8747802734374,42.78632162992033,-44.31801872349583,3453.7957635797097,3517.0686306181633
2024-12-30,3356.392578125,3428.52734375,3298.804443359375,3349.5859375,26981583962,3580.538720703125,3518.176005859375,43.12493247105082,-37.920955491006424,3438.810658125139,3505.166700803855
2024-12-31,3332.53173828125,3444.396728515625,3311.41259765625,3356.394775390625,20845452085,3555.524206542969,3517.330380859375,42.192175481360316,-33.187026833790675,3422.460055072233,3492.3789258021807
2025-01-01,3353.504150390625,3366.531494140625,3310.255859375,3332.406494140625,14195410493,3529.0443359375,3519.4753173828126,43.35194693005019,-26.80688572254583,3411.8514543519855,3482.0919054013248
2025-01-02,3451.392578125,3493.4482421875,3348.35205078125,3353.412109375,22243574698,3506.0536987304686,3524.65125,48.5412894821669,-14.759689334897544,3417.9347041632186,3479.817881158634
2025-01-03,3605.009765625,3627.0556640625,3421.83154296875,3451.680908203125,21877299255,3492.883923339844,3535.572470703125,55.43996907842111,3.798093142477036,3446.715482849647,3489.0913540820684
2025-01-04,3657.706787109375,3669.19677734375,3574.326904296875,3605.20068359375,16060610759,3478.1722045898437,3546.6657958984374,57.54273086148864,19.014609377378143,3479.1756835049896,3501.5813861581655
2025-01-05,3634.103759765625,3673.81298828125,3594.616943359375,3657.7431640625,12830306908,3460.5033447265623,3556.682392578125,56.26209166634829,26.42658073103182,3503.0107721604722,3511.3978582772365
2025-01-06,3688.611328125,3743.941650390625,3611.21435546875,3634.11376953125,23973574043,3450.59560546875,3568.94138671875,58.555978522750344,33.4828709803643,3531.5647038473226,3524.5247819696633
2025-01-07,3381.577392578125,3701.10693359375,3358.08984375,3688.34130859375,32235312545,3438.734912109375,3572.4158056640626,44.42294018516596,16.79727642108566,3508.4897328828306,3513.9360864591786
2025-01-08,3326.329345703125,3413.682861328125,3209.214599609375,3381.615478515625,34337730882,3434.15498046875,3576.7147119140627,42.43805670835569,2.1355176655370585,3480.465057932107,3500.039290847619
2025-01-09,3219.4306640625,3355.8623046875,3159.384033203125,3326.359619140625,28815726276,3421.4988403320312,3579.6595654296875,38.823443180615946,-13.790236517247063,3440.3059204137057,3479.253466641314
2025-01-10,3267.489990234375,3320.50048828125,3196.1103515625,3219.49658203125,26503845190,3418.0122192382814,3577.7882861328126,41.24632070217648,-19.75289540890506,3413.71885423227,3463.5672832037626
2025-01-11,3282.2177734375,3317.654296875,3219.69873046875,3267.5224609375,11772144561,3418.2463500976564,3576.800625,42.00435042746358,-21.240427116855628,3393.4879187253823,3450.1339861840393
2025-01-12,3265.951171875,3298.018310546875,3224.510498046875,3282.150390625,11647743556,3410.754638671875,3574.1951806640627,41.36949402025395,-21.774634930830814,3373.8668807484005,3436.4908147537403
2025-01-13,3135.499755859375,3335.193603515625,2920.5927734375,3266.095458984375,39911742769,3392.927136230469,3569.6319775390625,36.59293517727004,-28.920693044958128,3337.1950153808584,3414.195180761565
2025-01-14,3223.6845703125,3254.75146484375,3126.805908203125,3135.670166015625,22847737224,3379.449597167969,3565.8347900390627,41.50937655119262,-25.81755309583164,3319.731869985726,3400.083283691264
2025-01-15,3450.53759765625,3473.1015625,3186.139892578125,3223.6845703125,25991614661,3385.415185546875,3568.3151953125,51.85192571796085,-7.544761266138558,3339.8558280888833,3403.820640281263
2025-01-16,3308.34521484375,3458.1806640625,3265.67578125,3450.30517578125,26395516475,3384.3865966796875,3561.3371142578126,46.32284415725313,-4.2562353464991745,3335.008041435786,3396.748386545151
2025-01-17,3474.107177734375,3525.54345703125,3307.31103515625,3308.191162109375,28200207229,3388.1968383789062,3559.22302734375,52.66019567176049,9.130680758022898,3356.4079085586454,3402.4786673739827
2025-01-18,3305.78955078125,3493.06005859375,3228.333740234375,3473.563720703125,32420094038,3386.01064453125,3553.4689306640626,46.63882573217984,6.8043183076870335,3348.6204689005845,3395.316510589336
2025-01-19,3208.96435546875,3444.20654296875,3127.623046875,3305.39794921875,57242875399,3378.6392333984377,3543.534111328125,43.553643649038776,-0.7018994101097533,3327.1349129879945,3381.51264724707
2025-01-20,3278.035400390625,3444.28271484375,3147.52294921875,3208.933837890625,52383187336,3375.914416503906,3534.8715185546876,46.28346072629541,-0.47255146424815564,3319.5811418191684,3373.8476659984444
2025-01-21,3327.40625,3365.778076171875,3202.49267578125,3278.43603515625,32804001146,3374.609521484375,3528.535673828125,48.21139020684856,3.337132977261419,3320.7850046162193,3370.4075611096705
2025-01-22,3240.224609375,3364.74609375,3223.385986328125,3327.2373046875,22171220981,3364.051123046875,3520.9259326171873,45.13105669115358,0.469126101639759,3308.391097656032,3360.7643794996948
2025-01-23,3334.714111328125,3346.732421875,3184.06689453125,3240.475341796875,32419520084,3350.536340332031,3510.79359375,48.938919497571256,5.158776005536964,3312.440792067123,3358.8347300055043
2025-01-24,3309.554931640625,3424.89990234375,3277.3232421875,3334.808349609375,25578325671,3333.1287475585937,3500.7645263671875,47.98403883893807,6.692122330255167,3311.9968135399695,3355.184374571069
2025-01-25,3317.26953125,3349.29833984375,3270.273193359375,3309.711669921875,13744316078,3317.2870361328123,3486.9937060546877,48.31703843711808,8.249453266345505,3312.8080008799743,3352.375867658397
2025-01-26,3236.13427734375,3359.3125,3233.922119140625,3317.29150390625,14471528757,3294.66318359375,3471.6625390625,45.05050128923132,4.051187176551387,3301.012043412863,3343.765379486942
2025-01-27,3178.92041015625,3250.396484375,3024.091552734375,3235.855224609375,39412486482,3284.5303344726562,3455.12685546875,42.850516186385114,-2.0171220382666277,3282.228715219538,3331.554641018002
2025-01-28,3077.112548828125,3222.7373046875,3040.09228515625,3179.0869140625,20718206194,3272.0694946289063,3442.2952978515623,39.183691435296424,-11.780714355854343,3250.6723819285517,3312.7070786335667
2025-01-29,3112.9990234375,3177.98046875,3055.181640625,3076.380126953125,22727786058,3266.747912597656,3431.918603515625,41.0970881603609,-14.53443341840211,3229.4918652376205,3297.9138893597838
2025-01-30,3247.780029296875,3282.986328125,3093.123779296875,3113.289794921875,19958405782,3265.762414550781,3420.217763671875,47.74649597291847,-6.4058003624476925,3232.305428939044,3294.2002700958647
2025-01-31,3298.26513671875,3437.569091796875,3214.935546875,3247.8671875,30128115902,3266.5647827148437,3408.52103515625,50.022334502760984,2.752596605561159,3242.453076289768,3294.5013713271896
2025-02-01,3118.32861328125,3329.6552734375,3103.9189453125,3298.822265625,19917507079,3259.1836547851562,3392.6635009765623,42.857677792484346,-2.634912557751342,3223.3570050576886,3281.4515373978606
2025-02-02,2868.69287109375,3161.894287109375,2755.474609375,3118.611572265625,42060930305,3245.843310546875,3372.6692529296874,35.30301115727528,-21.29912756220299,3168.7932921401593,3250.8768213753337
2025-02-03,2884.566650390625,2919.477294921875,2159.280517578125,2868.07861328125,92453553253,3228.887414550781,3351.3217626953124,36.07465694778722,-30.313773181095144,3125.066116486385,3223.7427346357254
2025-02-04,2735.05126953125,2888.25,2636.165771484375,2883.818359375,48795275985,3193.1130981445312,3326.2731689453126,32.181271992141816,-43.293351634017654,3065.0638323394414,3187.5433668502087
2025-02-05,2787.779052734375,2824.400146484375,2701.10498046875,2735.225830078125,31960764447,3167.0847900390627,3304.293427734375,34.85161538513756,-45.07230166427834,3022.4046354771235,3157.931195434221
2025-02-06,2688.40087890625,2857.14208984375,2662.44580078125,2787.65869140625,29500645692,3127.7994750976563,3285.6856201171877,32.27241480191235,-49.34197722908654,2971.0194421585275,3123.151171987705
2025-02-07,2622.211181640625,2798.02880859375,2564.96826171875,2688.8974609375,29526663418,3093.620556640625,3269.7712841796874,30.64568435221524,-52.718496470317945,2917.356632848081,3086.0445060360694
2025-02-08,2632.308349609375,2665.484619140625,2591.778564453125,2623.001953125,17059263074,3064.7877563476563,3252.9663818359377,31.215284310907137,-50.36959427664448,2873.503050811357,3052.434420374833
2025-02-09,2628.72119140625,2695.222412109375,2530.435791015625,2632.578125,17517088276,3032.3220458984374,3238.796357421875,31.11750726967834,-45.313741414916535,2835.8443032105715,3021.0482552660487
2025-02-10,2661.166748046875,2692.80859375,2564.0185546875,2628.650146484375,19414208113,2999.0100708007812,3226.4689892578126,33.156966962380395,-36.42345761316619,2808.9708331853876,2994.390365842406
2025-02-11,2602.781982421875,2724.90234375,2565.397216796875,2661.315673828125,21156550492,2967.137939453125,3210.2089208984376,31.35776323072743,-31.30943269405651,2777.2494715294624,2965.3823374408853
2025-02-12,2736.902099609375,2794.867431640625,2551.174560546875,2602.828125,26919387954,2937.2473388671874,3195.105966796875,39.48177913707457,-16.473806896135414,2771.0421835417565,2948.457875379292
2025-02-13,2675.902587890625,2756.443359375,2615.667724609375,2737.028564453125,19481004625,2905.5647216796874,3178.7593115234376,37.318461989651425,-8.737109768658996,2756.4053226723518,2928.2685948245758
2025-02-14,2726.091552734375,2790.023681640625,2666.26806640625,2675.939453125,17732289901,2876.005822753906,3166.6566259765623,40.220749970584635,1.260248407738004,2751.7416657588165,2913.292517632709
2025-02-15,2693.559814453125,2738.68115234375,2668.53173828125,2726.07470703125,10803019357,2848.877099609375,3153.949482421875,38.961476706357736,6.868552714023934,2742.7906117117873,2897.016021100888
2025-02-16,2663.31591796875,2724.096435546875,2655.297607421875,2693.5625,10593602117,2823.096875,3139.25775390625,37.77730164914854,9.5622364032684,2730.56373575132,2879.704902350359
2025-02-17,2743.19970703125,2848.7841796875,2640.18212890625,2663.2294921875,24170425078,2806.401232910156,3127.1314794921873,42.7286503681898,17.294182347488146,2732.507731332848,2869.593406400795
2025-02-18,2669.3388671875,2754.6767578125,2606.900390625,2743.02294921875,23004152928,2784.218225097656,3113.3904052734374,39.59162340133354,17.927652101800902,2722.7894445412558,2854.75973682944
2025-02-19,2715.77099609375,2735.917724609375,2656.375732421875,2669.21337890625,15272401903,2757.6177734375,3101.0551904296876,42.45196946627622,21.71468246312176,2721.709683241639,2844.464274552722
2025-02-20,2740.386474609375,2770.030517578125,2708.216064453125,2715.6826171875,15917259320,2729.723840332031,3088.7928369140627,43.96672243279438,25.83800131496389,2724.5830357597524,2836.7548078902523
2025-02-21,2659.655517578125,2842.8271484375,2616.91943359375,2740.022216796875,31441524621,2706.790185546875,3072.958095703125,40.226951751952136,23.174094650392647,2714.594186808733,2823.636341941206
2025-02-22,2764.029296875,2797.057861328125,2653.867431640625,2660.035888671875,16403164397,2701.5570068359375,3056.138486328125,46.55622700645001,28.155866296496114,2722.1995883573895,2819.221005269635
2025-02-23,2821.310302734375,2850.6103515625,2746.773681640625,2764.031005859375,20493767269,2698.394189453125,3039.410556640625,49.70388084488317,34.59912458653952,2737.4473905692334,2819.3757680448007
2025-02-24,2513.8212890625,2839.010009765625,2478.8994140625,2820.456298828125,29127380459,2687.3326904296873,3017.0049072265624,37.0791251150816,18.263019263935135,2703.043374952813,2796.7421029350007
2025-02-25,2493.592529296875,2529.669189453125,2326.632080078125,2514.2109375,40044790246,2672.6233642578127,2993.10453125,36.42367331082664,6.796268970511491,2670.8201679288227,2774.2865789618063
2025-02-26,2331.45263671875,2503.422119140625,2255.054931640625,2493.381591796875,28815111323,2654.7759521484377,2972.1020361328124,31.601678459438745,-10.089284964957471,2618.609778511888,2741.48406472158
2025-02-27,2305.484375,2378.08740234375,2230.4482421875,2331.51025390625,24286213447,2638.9396118164063,2951.68513671875,30.89619683625213,-20.77292052326142,2570.436639510059,2709.1877914088705
2025-02-28,2237.9052734375,2310.94921875,2076.169921875,2305.56005859375,35737904667,2619.2194580078126,2932.05462890625,29.07700127125544,-29.617420864563698,2519.2779678065885,2674.277975262843
2025-03-01,2216.643310546875,2279.873046875,2144.090087890625,2237.942138671875,16135258239,2598.6155639648437,2911.0376953125,28.508252350917488,-33.822187881187915,2472.7187897666327,2640.3791112098083
2025-03-02,2519.694580078125,2548.811767578125,2175.321533203125,2216.521728515625,34854193845,2591.541955566406,2895.7872314453125,45.01649448316108,-14.12443865539069,2479.945834429939,2631.4395163111653
2025-03-03,2145.573974609375,2522.316650390625,2097.076171875,2519.531005859375,31473561910,2568.6815551757813,2873.3796875,34.44285937125876,-23.660978493689157,2428.50400984216,2595.449476185107
2025-03-04,2170.01513671875,2220.358642578125,1996.767578125,2145.65283203125,33935738380,2540.33720703125,2854.0699951171873,35.50859477410309,-25.531874128373317,2388.7364909000967,2563.935821409821
2025-03-05,2241.977294921875,2272.79736328125,2156.099365234375,2169.98681640625,22105432727,2518.6409423828127,2834.435849609375,38.669925232672774,-19.40914578506286,2366.1581530572935,2540.087041669973
2025-03-06,2202.476806640625,2319.396240234375,2177.677001953125,2241.906494140625,18509069102,2492.460205078125,2809.4746337890624,37.58094811056767,-15.666180663918311,2340.976407454729,2515.0788761122435
2025-03-07,2138.987548828125,2254.232421875,2103.47265625,2202.498291015625,22425792863,2464.731591796875,2786.08748046875,35.83421793240049,-15.106218278028024,2309.9011984352514,2487.220259276383
2025-03-08,2201.51025390625,2232.3271484375,2107.72802734375,2139.7978515625,10533204814,2441.64130859375,2760.6355419921874,38.84852320762746,-8.494435283260202,2293.2256685077127,2466.0565551748914
2025-03-09,2015.5091552734375,2210.313720703125,1991.1934814453125,2201.708740234375,16103964994,2405.2567810058595,2734.8299340820313,33.76654497813841,-14.27693698378883,2250.500051087055,2432.6826737007095
2025-03-10,1861.1513671875,2150.706298828125,1812.766845703125,2015.430419921875,35005066442,2364.8474060058593,2707.8736743164063,30.232077434593435,-25.472865737988485,2190.6002535640464,2390.3470213663977
2025-03-11,1919.844970703125,1961.7977294921875,1760.9417724609375,1859.7777099609375,30898385863,2325.051104736328,2680.709865722656,33.099638959935675,-25.820416709466883,2148.945594662366,2355.4950176135626
2025-03-12,1908.982666015625,1954.5711669921875,1832.01904296875,1919.664794921875,22898872951,2283.4809143066404,2652.3413940429687,32.83070045153933,-23.730241072137915,2112.028221024406,2322.420028606308
2025-03-13,1862.9696044921875,1919.688232421875,1823.525390625,1909.015380859375,17977225564,2243.646618652344,2624.7962939453123,31.657296901729083,-22.4108692469361,2073.71151078868,2288.386663857114
2025-03-14,1909.467529296875,1945.0914306640625,1861.10595703125,1862.9979248046875,12122715282,2200.9185302734377,2596.2913623046875,34.216026966675344,-15.688872040264187,2048.443205943787,2260.318579815615
2025-03-15,1937.3946533203125,1955.2384033203125,1904.9656982421875,1909.528076171875,6456484591,2156.7227478027344,2568.8481567382814,35.77141236801056,-7.082379120051144,2031.358813232483,2236.398288964111
2025-03-16,1887.43505859375,1940.474365234375,1863.489013671875,1937.384765625,9292997638,2125.403436279297,2540.251467285156,34.212986042849366,-2.7002936341884833,2009.2166971342162,2210.5491607885288
2025-03-17,1927.0029296875,1951.6259765625,1880.484375,1887.44921875,10436892087,2097.0739562988283,2514.0688403320314,36.569953983106124,4.523887181547451,1996.5684252193369,2189.5457362625266
2025-03-18,1932.54345703125,1935.1820068359375,1872.5089111328125,1927.0057373046875,10170844746,2077.128497314453,2489.141301269531,36.91080265390231,10.968878355737445,1986.7184301134776,2170.508530393543
2025-03-19,2057.7490234375,2068.764404296875,1928.24951171875,1932.5445556640625,20065206266,2064.741729736328,2468.7540307617187,44.207103083453525,24.199374411893444,1997.6462137017888,2162.155974322725
2025-03-20,1982.099853515625,2067.483642578125,1952.2432861328125,2057.951171875,13217865782,2051.9514587402346,2446.1360473632812,41.11328285174326,28.11609369688037,1995.2544659808405,2148.8184838925695
2025-03-21,1964.8475341796875,1994.8914794921875,1937.2115478515625,1981.85302734375,9708125480,2039.361669921875,2420.4773974609375,40.41855956634704,29.652465556416587,1990.5764764729709,2135.1910061360595
2025-03-22,1980.037841796875,2005.0411376953125,1964.27099609375,1964.9404296875,6117036512,2012.3788330078125,2394.1128515625,41.3581554080659,31.619171306237774,1988.9551480612636,2123.6981791479716
2025-03-23,2005.2991943359375,2019.889404296875,1977.7093505859375,1979.983642578125,7522339707,2005.3650939941406,2371.8522631835935,42.968863455365714,34.32314810811329,1991.4696167189056,2114.92788397671
2025-03-24,2077.47900390625,2101.9833984375,1978.7637939453125,2005.7183837890625,14044912402,2000.7382873535157,2356.027985839844,47.41341540179781,40.263482110305006,2004.7018301323433,2112.1538928603795
2025-03-25,2067.76416015625,2096.518310546875,2038.64453125,2078.568115234375,11735658914,1992.0276306152343,2339.6919360351562,46.8838205841683,42.602805908410886,2014.403727059098,2108.8657645119256
2025-03-26,2009.1893310546875,2078.369140625,1982.412353515625,2067.5087890625,13178523590,1982.3632568359376,2325.174697265625,43.71339940427302,39.34722452308205,2013.6015122891888,2101.482324996575
2025-03-27,2002.357421875,2037.3961181640625,1987.7177734375,2008.9405517578125,11593274543,1975.5317504882812,2309.4662646484376,43.34522720928424,35.96795990061888,2011.8716522254674,2094.139739580162
2025-03-28,1895.5029296875,2015.454345703125,1863.0106201171875,2002.4105224609375,18160526498,1960.2313842773438,2293.6083056640623,37.96006557170481,26.223133823991603,1993.968771835011,2079.425901810335
2025-03-29,1827.3203125,1911.90087890625,1799.2008056640625,1895.5496826171875,12194771785,1950.8219421386718,2277.71048828125,34.97419642878242,15.407517926379768,1968.3305473219323,2060.751413713273
2025-03-30,1806.2186279296875,1847.570556640625,1769.4127197265625,1827.31103515625,9854857162,1948.0753051757813,2261.1886938476564,34.08072476943036,7.457202450943413,1943.390252030818,2041.8971332848591
2025-03-31,1823.47998046875,1852.5513916015625,1778.6922607421875,1806.3165283203125,15765030938,1943.2570556640626,2245.083869628906,35.53157464939781,4.150813376976103,1924.9425179443458,2025.7180849281103
2025-04-01,1905.491455078125,1926.302978515625,1820.350341796875,1823.5623779296875,15001220420,1943.0824951171876,2229.970363769531,42.05682022125897,8.051214761577938,1921.950046734158,2016.8124086429261
2025-04-02,1795.313232421875,1951.1802978515625,1782.76025390625,1905.484619140625,22593742104,1939.6996765136719,2213.820988769531,36.68475533404427,3.9807794648384345,1902.4674599168834,2000.4050622561815
2025-04-03,1815.63720703125,1844.071044921875,1751.380859375,1794.97607421875,16450974373,1935.0081604003906,2195.3956909179688,38.2516075502135,3.4470294522672873,1889.1089594729397,1986.718554461742
2025-04-04,1815.335205078125,1833.956787109375,1760.588623046875,1815.60986328125,18061720814,1928.9051879882813,2178.184343261719,38.23646554892319,3.8338272009113865,1877.7591511045066,1974.023491544437
2025-04-05,1805.9732666015625,1826.298583984375,1767.5135498046875,1815.344970703125,6374712479,1924.832098388672,2159.7819775390626,37.73775295103277,4.190407824217971,1866.7151688732845,1961.575326733854
2025-04-06,1576.72802734375,1815.5748291015625,1539.43798828125,1805.9630126953125,22154445576,1907.3183532714843,2137.445341796875,28.07978760486749,-9.532632962168861,1822.1017624841254,1933.0681193716239
